{
  "mean": [
    4.883419596354167,
    1.0787400065104162,
    0.5044472005208332
  ],
  "scale": [
    1.0830104627788757,
    0.4297905907125755,
    0.18385814878515616
  ],
  "n_features": 3
}