{
  "mean": [
    4.9022509765625,
    1.092819010416666,
    0.505709375
  ],
  "scale": [
    1.0805752032271663,
    0.44811935898460853,
    0.18571271799730368
  ],
  "n_features": 3
}