{
  "mean": [
    4.9276831315800464,
    1.0949762844146882,
    0.5070969851896722
  ],
  "scale": [
    1.127458053052285,
    0.44921251031231985,
    0.18687185160140768
  ],
  "n_features": 3
}